Time,X,Y,Z
0.0,10.0,4.0,20.0
0.01,10.099950058872837,4.039984393397762,20.198894147182095
0.02,10.199850447112025,4.0799532647225085,20.396683727246682
0.03,10.299701434292404,4.119906698216377,20.593370017358836
0.04,10.399503289073898,4.159844777835594,20.788954286183692
0.05,10.499256279205232,4.199767587251635,20.98343779392155
0.060000000000000005,10.59896067152756,4.239675209852363,21.176821792342725
0.07,10.69861673197804,4.279567728743138,21.36910752482213
0.08,10.79822472559334,4.319445226747919,21.560296226373584
0.09,10.89778491651307,4.3593077864103345,21.750389123683888
0.09999999999999999,10.99729756798316,4.399155489994738,21.93938743514662
0.10999999999999999,11.09676294235916,4.438988419487237,22.12729237089569
0.11999999999999998,11.196181301109473,4.47880665659671,22.314105132838645
0.12999999999999998,11.295552904818521,4.5186102827557875,22.49982691468971
0.13999999999999999,11.394878013189848,4.558399379121827,22.6844589020026
0.15,11.494156885049135,4.598174026577854,22.868002272203082
0.16,11.593389778347166,4.637934305733489,23.050458194621303
0.17,11.692576950162712,4.677680296925847,23.231827830523862
0.18000000000000002,11.79171865670534,4.717412080220418,23.41211233314566
0.19000000000000003,11.89081515331816,4.757129735411924,23.591312847721518
0.20000000000000004,11.989866694480488,4.796833342025152,23.769430511517555
0.21000000000000005,12.088873533810446,4.836522979315763,23.946466453862346
0.22000000000000006,12.18783592406748,4.876198726271086,24.122421796177846
0.23000000000000007,12.286754117154809,4.915860661610877,24.2972976520101
0.24000000000000007,12.38562836412179,4.955508863788058,24.47109512705973
0.25000000000000006,12.484458915166213,4.99514341098944,24.643815319212187
0.26000000000000006,12.583246019636524,5.034764381136412,24.815459318567818
0.2700000000000001,12.681989926033951,5.0743718518856085,24.986028207471694
0.2800000000000001,12.780690882014573,5.113965900629553,25.155523060543242
0.2900000000000001,12.879349134391292,5.1535466044972775,25.32394494470566
0.3000000000000001,12.977964929135737,5.193114040354917,25.491294919215132
0.3100000000000001,13.076538511380077,5.232668284806274,25.65757403568985
0.3200000000000001,13.175070125418756,5.2722094141933615,25.82278333813881
0.3300000000000001,13.27356001471014,5.311737504596919,25.98692386299043
0.34000000000000014,13.372008421878087,5.351252631836902,26.149996639120978
0.35000000000000014,13.47041558871342,5.390754871472943,26.312002687882792
0.36000000000000015,13.568781756175325,5.430244298804788,26.472943023132324
0.37000000000000016,13.667107164392648,5.469720988872702,26.63281865125798
0.38000000000000017,13.76539205266512,5.50918501645785,26.79163057120781
0.3900000000000002,13.863636659464474,5.548636456082647,26.949379774516974
0.4000000000000002,13.961841222435472,5.588075382011085,27.10606724533506
0.4100000000000002,14.06000597839686,5.627501868249019,27.261693960453222
0.4200000000000002,14.1581311633422,5.666915988544437,27.416260889331145
0.4300000000000002,14.256217012440619,5.706317816387693,27.56976899412382
0.4400000000000002,14.354263760037473,5.74570742501171,27.72221922970819
0.45000000000000023,14.452271639654887,5.785084887392152,27.87361254370961
0.46000000000000024,14.55024088399222,5.8244502762475685,28.02394987652813
0.47000000000000025,14.648171724926408,5.863803664039502,28.173232161364663
0.48000000000000026,14.746064393512217,5.9031451229725675,28.32146032424697
0.49000000000000027,14.84391911998239,5.942474724994496,28.4686352840555
0.5000000000000002,14.941736133747678,5.981792541796149,28.614757952549077
0.5100000000000002,15.039515663396779,6.021098644811493,28.75982923439045
0.5200000000000002,15.137257936696152,6.060393105217547,28.9038500271717
0.5300000000000002,15.234963180589723,6.099675993934288,29.046821221439515
0.5400000000000003,15.332631621198491,6.138947381624528,29.188743700720313
0.5500000000000003,15.43026348382,6.17820733869375,29.329618341545252
0.5600000000000003,15.5278589929277,6.217455935289906,29.469446013475107
0.5700000000000003,15.625418372170197,6.256693241303187,29.608227579125018
0.5800000000000003,15.722941844370371,6.295919326365741,29.74596389418912
0.5900000000000003,15.820429631524382,6.33513425985137,29.882655807465067
0.6000000000000003,15.917881954800535,6.3743381108751676,30.018304160878426
0.6100000000000003,16.01529903453803,6.413530948293135,30.152909789506978
0.6200000000000003,16.112681090245587,6.452712840701746,30.2864735216049
0.6300000000000003,16.21002834059991,6.491883856437472,30.41899617862686
0.6400000000000003,16.307341003444055,6.531044063576267,30.550478575252008
0.6500000000000004,16.404619295785643,6.570193529933014,30.680921519407878
0.6600000000000004,16.50186343379492,6.609332323060913,30.8103258122942
0.6700000000000004,16.599073632802703,6.648460510250845,30.93869224840662
0.6800000000000004,16.696250107298155,6.687578158530674,31.06602161556037
0.6900000000000004,16.793393070926438,6.726685334664513,31.192314694913822
0.7000000000000004,16.890502736486194,6.765782105151937,31.317572260992012
0.7100000000000004,16.987579315926887,6.804868536227152,31.441795081710072
0.7200000000000004,17.08462302034598,6.843944693858119,31.564983918396614
0.7300000000000004,17.181634059985964,6.883010643745614,31.687139525817063
0.7400000000000004,17.27861264423122,6.922066451322257,31.80826265219693
0.7500000000000004,17.37555898160472,6.961112181751475,31.928354039245054
0.7600000000000005,17.472473279764547,7.0001478999264215,32.047414422176786
0.7700000000000005,17.56935574550027,7.039173670468835,32.16544452973717
0.7800000000000005,17.666206584729117,7.07818955772785,32.28244508422408
0.7900000000000005,17.763026002491994,7.1171956257787485,32.39841680151131
0.8000000000000005,17.85981420294931,7.156191938421659,32.513360391071714
0.8100000000000005,17.956571389376613,7.195178559180191,32.62727655600028
0.8200000000000005,18.053297764160067,7.234155551300021,32.74016599303722
0.8300000000000005,18.149993528791704,7.273122977747407,32.85202939259108
0.8400000000000005,18.246658883864495,7.312080901207655,32.962867438761826
0.8500000000000005,18.343294029067234,7.351029384083511,33.072680809364016
0.8600000000000005,18.439899163179202,7.3899684884935,33.18147017594991
0.8700000000000006,18.53647448406463,7.428898276270197,33.28923620383268
0.8800000000000006,18.63302018866697,7.467818808958428,33.39597955210964
0.8900000000000006,18.72953647300291,7.50673014781341,33.50170087368551
0.9000000000000006,18.82602353215623,7.5456323537988235,33.60640081529577
0.9100000000000006,18.922481560271393,7.584525487584812,33.71008001753007
0.9200000000000006,19.018910750546908,7.62340960954591,33.81273911485567
0.9300000000000006,19.115311295228498,7.662284779758908,33.91437873564103
0.9400000000000006,19.211683385602004,7.701151058000629,34.01499950217947
0.9500000000000006,19.308027211986058,7.740008503745646,34.1146020307129
0.9600000000000006,19.40434296372452,7.778857176163915,34.2131869314557
0.9700000000000006,19.500630829178657,7.817697134118333,34.31075480861871
0.9800000000000006,19.596890995719086,7.8565284361622165,34.407306260433344
0.9900000000000007,19.69312364971744,7.895351140536701,34.50284187917586
1.0000000000000007,19.789328976537785,7.93416530516806,34.59736225119178
1.0100000000000007,19.88550716052779,7.972970987664937,34.69086795692047
1.0200000000000007,19.98165838500959,8.0117682453155,34.78335957091989
1.0300000000000007,20.077782832270408,8.050557135084505,34.874837661891554
1.0400000000000007,20.173880683552866,8.089337713610274,34.96530279270567
1.0500000000000007,20.26995211904506,8.128110037201584,35.05475552042652
1.0600000000000007,20.3659973178703,8.166874161834471,35.143196396338006
1.0700000000000007,20.462016458076583,8.205630143148936,35.23062596596953
1.0800000000000007,20.558009716625776,8.244378036445559,35.31704476912205
1.0900000000000007,20.65397726938247,8.283117896682025,35.40245333989443
1.1000000000000008,20.749919291102554,8.321849778469552,35.48685220671008
1.1100000000000008,20.845835955421474,8.360573736069215,35.570241892343894
1.1200000000000008,20.941727434842175,8.399289823388184,35.652622913949465
1.1300000000000008,21.03759390072272,8.437998093975853,35.7339957830867
1.1400000000000008,21.133435523263596,8.476698601019876,35.81436100574971
1.1500000000000008,21.229252471494696,8.515391397342096,35.8937190823951
1.1600000000000008,21.325044913261962,8.554076535394367,35.972070507970635
1.1700000000000008,21.420813015213696,8.592754067254285,36.04941577194429
1.1800000000000008,21.51655694278654,8.631424044620799,36.125755358333734
1.1900000000000008,21.612276860191113,8.670086518809727,36.201089745736226
1.2000000000000008,21.707972930397304,8.70874154074916,36.27541940735899
1.2100000000000009,21.803645315119212,8.747389160974757,36.34874481105003
1.2200000000000009,21.899294174799753,8.786029429624925,36.4210664193295
1.2300000000000009,21.994919668594896,8.824662396435908,36.49238468942148
1.2400000000000009,22.090521954357566,8.863288110736743,36.5627000732864
1.2500000000000009,22.186101188621173,8.90190662144412,36.632013017653975
1.260000000000001,22.281657526582794,8.940517977057127,36.70032396405668
1.270000000000001,22.377191122085996,8.979122225651876,36.76763334886389
1.280000000000001,22.47270212760329,9.017719414876032,36.8339416033166
1.290000000000001,22.56819069421826,9.056309591943208,36.89924915356282
1.300000000000001,22.66365697160727,9.094892803627273,36.9635564206936
1.310000000000001,22.759101108020886,9.133469096256528,37.02686382077981
1.320000000000001,22.85452325026489,9.17203851570778,37.08917176490958
1.330000000000001,22.949923543680953,9.210601107400299,37.150480659226524
1.340000000000001,23.04530213212697,9.249156916289678,37.21079090496871
1.350000000000001,23.140659157957018,9.287705986861567,37.270102898508455
1.360000000000001,23.235994762000992,9.326248363125309,37.328417031392895
1.370000000000001,23.33130908354389,9.364784088607465,37.38573369038546
1.380000000000001,23.426602260304755,9.403313206345235,37.44205325750815
1.390000000000001,23.521874428415302,9.441835758879781,37.497376110084815
1.400000000000001,23.617125722398207,9.48035178824944,37.55170262078526
1.410000000000001,23.712356275145083,9.51886133598284,37.60503315767035
1.420000000000001,23.807566217894156,9.557364443091924,37.657368084238115
1.430000000000001,23.902755680207637,9.595861150064886,37.70870775947084
1.440000000000001,23.997924789948804,9.634351496859,37.75905253788318
1.450000000000001,24.093073673258818,9.67283552289338,37.808402769571366
1.460000000000001,24.188202454533258,9.71131326704164,37.856758800263485
1.470000000000001,24.283311256398424,9.749784767624504,37.90412097137088
1.480000000000001,24.378400199687402,9.78825006240231,37.95048962004069
1.490000000000001,24.473469403415898,9.826709188567465,37.99586507920956
1.500000000000001,24.568518984757887,9.865162182736837,38.04024767765854
1.5100000000000011,24.663549059021065,9.903609080944081,38.08363774006921
1.5200000000000011,24.758559739622147,9.94204991863192,38.12603558708102
1.5300000000000011,24.853551138062016,9.98048473064438,38.16744153534996
1.5400000000000011,24.94852336390076,10.018913551218986,38.207855897608404
1.5500000000000012,25.043476524732604,10.057336413978938,38.24727898272639
1.5600000000000012,25.13841072616077,10.09575335192524,38.28571109577413
1.5700000000000012,25.233326071772304,10.134164397428844,38.323152538085914
1.5800000000000012,25.328222663112868,10.17256958222277,38.35960360732535
1.5900000000000012,25.423100599661563,10.210968937394238,38.395064597552
1.6000000000000012,25.517959978805774,10.249362493376804,38.42953579928942
1.6100000000000012,25.612800895816097,10.287750279942529,38.463017499594564
1.6200000000000012,25.707623443821372,10.326132326194177,38.49550998212865
1.6300000000000012,25.80242771378386,10.364508660557455,38.527013527229414
1.6400000000000012,25.897213794474577,10.402879310773304,38.5575284119848
1.6500000000000012,25.991981772448867,10.44124430389027,38.587054910308105
1.6600000000000013,26.08673173202219,10.479603666256933,38.615593293014534
1.6700000000000013,26.181463755246227,10.517957423514444,38.643143827899195
1.6800000000000013,26.276177921885285,10.55630560058915,38.66970677981652
1.6900000000000013,26.370874309393095,10.594648221685341,38.69528241076114
1.7000000000000013,26.46555299288999,10.632985310278121,38.7198709799501
1.7100000000000013,26.560214045140544,10.67131688910642,38.743472743906565
1.7200000000000013,26.6548575365317,10.709642980166157,38.76608795654482
1.7300000000000013,26.74948353505143,10.747963604703573,38.787716869256734
1.7400000000000013,26.844092106267958,10.786278783208738,38.80835973099945
1.7500000000000013,26.938683313309625,10.824588535409259,38.828016788384495
1.7600000000000013,27.033257216845378,10.862892880264182,38.84668828576814
1.7700000000000014,27.127813875065996,10.901191835958125,38.86437446534299
1.7800000000000014,27.222353343666033,10.939485419895636,38.88107556723084
1.7900000000000014,27.316875675826562,10.977773648695802,38.89679182957666
1.8000000000000014,27.411380922198735,11.016056538187106,38.91152348864378
1.8100000000000014,27.50586913088821,11.054334103402567,38.92527077891011
1.8200000000000014,27.600340347440493,11.092606358575155,38.938033933165435
1.8300000000000014,27.694794614827202,11.130873317133503,38.94981318260969
1.8400000000000014,27.78923197343333,11.169134991697918,38.96060875695215
1.8500000000000014,27.883652461045504,11.207391394076721,38.970420884511526
1.8600000000000014,27.97805611284129,11.245642535262904,38.979249792316864
1.8700000000000014,28.072442961379608,11.283888425431128,38.98709570620917
1.8800000000000014,28.166813036592192,11.322129073935061,38.99395885094373
1.8900000000000015,28.261166365776248,11.360364489305079,38.99983945029303
1.9000000000000015,28.355502973588216,11.398594679246319,39.00473772715024
1.9100000000000015,28.449822882038745,11.436819650637108,39.00865390363312
1.9200000000000015,28.54412611048885,11.475039409527767,39.0115882011883
1.9300000000000015,28.6384126756473,11.513253961139782,39.01354084069596
1.9400000000000015,28.732682591569212,11.55146330986538,39.014512042574594
1.9500000000000015,28.826935869655912,11.589667459267474,39.014502026886035
1.9600000000000015,28.92117251865603,11.62786641208001,39.0135110134405
1.9700000000000015,29.015392544667844,11.666060170208702,39.0115392219016
1.9800000000000015,29.109595951142904,11.704248734732158,39.00858687189127
1.9900000000000015,29.203782738890883,11.742432105903402,39.0046541830945
2.0000000000000013,29.297952906085712,11.780610283151786,38.99974137536383
2.010000000000001,29.392106448272926,11.81878326508529,38.993848668823425
2.020000000000001,29.48624335837828,11.856951049493214,38.98697628397278
2.0300000000000007,29.58036362671756,11.895113633349238,38.97912444178989
2.0400000000000005,29.67446724100762,11.933271012814883,38.97029336383384
2.0500000000000003,29.76855418637861,11.971423183243317,38.960483272346664
2.06,29.862624445387357,12.009570139183552,38.94969439035456
2.07,29.956677998031914,12.047711874384976,38.93792694176817
2.0799999999999996,30.05071482176721,12.085848381802256,38.92518115148206
2.0899999999999994,30.144734891521804,12.123979653600566,38.91145724547317
2.099999999999999,30.238738179715693,12.162105681161156,38.89675545089828
2.109999999999999,30.332724656279165,12.200226455087241,38.881075996190354
2.1199999999999988,30.426694288672632,12.2383419652102,38.86441911115371
2.1299999999999986,30.52064704190742,12.276452200596072,38.84678502705802
2.1399999999999983,30.61458287856751,12.31455714955235,38.82817397673102
2.149999999999998,30.70850175883213,12.352656799635044,38.8085861946499
2.159999999999998,30.802403640499215,12.390751137656007,38.78802191703127
2.1699999999999977,30.896288479009655,12.42884014969052,38.76648138191983
2.1799999999999975,30.990156227472326,12.466923821085105,38.743964829275455
2.1899999999999973,31.084006836689817,12.50500213646557,38.72047250105884
2.199999999999997,31.177840255184858,12.543075079745272,38.69600464131566
2.209999999999997,31.27165642922737,12.581142634133558,38.670561496259054
2.2199999999999966,31.365455302862113,12.619204782144415,38.644143314350636
2.2299999999999964,31.459236817936876,12.657261505605279,38.61675034637981
2.239999999999996,31.553000914131182,12.695312785666,38.588382845541496
2.249999999999996,31.646747528985454,12.733358602807959,38.559041067512155
2.259999999999996,31.740476597930606,12.771398936853318,38.528725270524205
2.2699999999999956,31.834188054318002,12.80943376697438,38.49743571543871
2.2799999999999954,31.92788182944977,12.847463071703057,38.4651726658164
2.289999999999995,32.02155785260941,12.885486828940445,38.43193638798697
2.299999999999995,32.115216051092666,12.923505015966464,38.397727151116754
2.3099999999999947,32.2088563502386,12.961517609449569,38.36254522727459
2.3199999999999945,32.302478673460875,12.999524585456529,38.32639089149608
2.3299999999999943,32.39608294227917,13.037525919462247,38.28926442184615
2.339999999999994,32.48966907635074,13.075521586359612,38.25116609947986
2.349999999999994,32.583236993501984,13.113511560469377,38.212096208701624
2.3599999999999937,32.676786609760164,13.151495815550057,38.1720550370227
2.3699999999999934,32.77031783938503,13.189474324807827,38.1310428752171
2.3799999999999932,32.86383059490052,13.22744706090642,38.089060017375765
2.389999999999993,32.957324787126375,13.265413995977,38.04610676095923
2.399999999999993,33.05080032520967,13.30337510162803,38.002183406848644
2.4099999999999926,33.144257116656306,13.341330348955102,37.95729025939516
2.4199999999999924,33.2376950673623,13.379279708550728,37.91142762646784
2.429999999999992,33.33111408164503,13.417223150514081,37.8645958195
2.439999999999992,33.42451406227422,13.455160644460703,37.816795153534024
2.4499999999999917,33.5178949105028,13.493092159532132,37.76802594726467
2.4599999999999915,33.61125652609753,13.531017664405486,37.71828852308096
2.4699999999999913,33.70459880736943,13.568937127302956,37.6675832071066
2.479999999999991,33.79792165120396,13.606850516001245,37.61591032923898
2.489999999999991,33.891224953090905,13.644757797840915,37.56327022318677
2.4999999999999907,33.984508607154055,13.682658939735651,37.50966322650619
2.5099999999999905,34.077772506180565,13.720553908181436,37.45508968063592
2.5199999999999902,34.171016541650026,13.758442669265643,37.3995499309307
2.52999999999999,34.26424060376322,13.796325188676017,37.34304432669364
2.53999999999999,34.357444581470595,13.834201431709571,37.285573221207315
2.5499999999999896,34.450628362500375,13.872071363281378,37.22713697176359
2.5599999999999894,34.54379183338636,13.909934947933248,37.16773593969225
2.569999999999989,34.63693487949538,13.947792149842316,37.10737049038846
2.579999999999989,34.7300573850544,13.98564293282951,37.04604099333913
2.5899999999999888,34.8231592331773,14.023487260367917,36.983747822148075
2.5999999999999885,34.91624030589125,14.061325095591027,36.920491354560134
2.6099999999999883,35.00930048416277,14.099156401300878,36.85627197248423
2.619999999999988,35.102339647923415,14.13698113997608,36.791090062015364
2.629999999999988,35.19535767609508,14.174799273779723,36.724946013455614
2.6399999999999877,35.288354446614946,14.21261076456718,36.65784022133414
2.6499999999999875,35.38132983646008,14.250415573893786,36.589773084426234
2.6599999999999873,35.47428372167164,14.288213663022399,36.520745005771396
2.669999999999987,35.56721597737871,14.326004992930859,36.45075639269057
2.679999999999987,35.66012647782179,14.363789524319323,36.37980765680241
2.6899999999999866,35.7530150963759,14.401567217617481,36.30789921403873
2.6999999999999864,35.845881705573305,14.439338032991671,36.23503148465908
2.709999999999986,35.93872617712592,14.477101930351862,36.16120489326455
2.719999999999986,36.0315483819473,14.514858869358545,36.086419868810694
2.7299999999999858,36.12434819017432,14.552608809429486,36.010676844619766
2.7399999999999856,36.21712547118842,14.590351709746393,35.93397625839213
2.7499999999999853,36.3098800936366,14.628087529261451,35.856318552216955
2.759999999999985,36.40261192545199,14.665816226703761,35.77770417258222
2.769999999999985,36.495320833874075,14.703537760585661,35.69813357038398
2.7799999999999847,36.58800668546859,14.741252089208947,35.617607200934984
2.7899999999999845,36.680669346147106,14.778959170670982,35.536125523972615
2.7999999999999843,36.773308681186194,14.816658962870696,35.453689003666206
2.809999999999984,36.865924555246345,14.854351423514494,35.370298108623714
2.819999999999984,36.95851683239052,14.892036510122049,35.2859533118978
2.8299999999999836,37.051085376102364,14.929714180031999,35.200655090991305
2.8399999999999834,37.143630049304114,14.967384390407545,35.11440392786217
2.849999999999983,37.23615071437421,15.00504709824195,35.02720030892778
2.859999999999983,37.32864723316456,15.042702260363935,34.93904472506879
2.869999999999983,37.42111946701751,15.080349833442984,34.84993767163237
2.8799999999999826,37.513567276782545,15.117989773994557,34.759879648435
2.8899999999999824,37.605990522832634,15.155622038385209,34.668871159764734
2.899999999999982,37.69838906508032,15.193246582837611,34.576912714382956
2.909999999999982,37.79076276299354,15.230863363435493,34.48400482552571
2.9199999999999817,37.8831114756111,15.268472336128482,34.390148010904525
2.9299999999999815,37.97543506155797,15.306073456736877,34.29534279270682
2.9399999999999813,38.06773337906016,15.343666680956312,34.19958969759585
2.949999999999981,38.1600062859595,15.381251964362356,34.102889256710256
2.959999999999981,38.25225363972802,15.41882926241502,34.00524200566318
2.9699999999999807,38.34447529748215,15.456398530463186,33.906648484540966
2.9799999999999804,38.436671115996624,15.49395972374896,33.80710923790151
2.9899999999999802,38.52884095171815,15.531512797411937,33.70662481477218
2.99999999999998,38.620984660778845,15.569057706493403,33.60519576864739
3.00999999999998,38.713102099009404,15.606594405940454,33.50282265748584
3.0199999999999796,38.805193121952065,15.644122850610037,33.399506043707305
3.0299999999999794,38.89725758487332,15.68164299527293,33.29524649418922
3.039999999999979,38.98929534277642,15.719154794617648,33.190044580262814
3.049999999999979,39.08130625041361,15.75665820325427,33.083900877708956
3.0599999999999787,39.17329016229822,15.794153175718211,32.976815966753705
3.0699999999999785,39.26524693271649,15.831639666473919,32.86879043206352
3.0799999999999783,39.357176415739175,15.86911762991851,32.75982486274018
3.089999999999978,39.44907846523302,15.906587020385336,32.64991985231541
3.099999999999978,39.54095293487194,15.944047792147497,32.53907599874521
3.1099999999999777,39.63279967814805,15.981499899421282,32.42729390440391
3.1199999999999775,39.72461854838251,16.018943296369553,32.31457417607794
3.1299999999999772,39.81640939873618,16.056377937105076,32.200917424959364
3.139999999999977,39.90817208222004,16.093803775693782,32.08632426663911
3.149999999999977,39.999906451705506,16.13122076615799,31.970795321099974
3.1599999999999766,40.0916123599345,16.16862886247955,31.854331212709372
3.1699999999999764,40.183289659529386,16.206028018602954,31.736932570211835
3.179999999999976,40.27493820300272,16.24341818843837,31.618600026721275
3.189999999999976,40.36655784276683,16.280799325864653,31.49933421971303
3.1999999999999758,40.45814843114325,16.318171384732285,31.37913579101567
3.2099999999999755,40.549709820371966,16.35553431886626,31.25800538680257
3.2199999999999753,40.64124186262053,16.392888082068936,31.135943657583297
3.229999999999975,40.732744409993,16.430232628122834,31.012951258194768
3.239999999999975,40.82421731453875,16.467567910793377,30.889028847792193
3.2499999999999747,40.91566042826109,16.50489388383161,30.764177089839837
3.2599999999999745,41.00707360312582,16.542210500976836,30.638396652101562
3.2699999999999743,41.098456691069536,16.57951771595925,30.511688206631195
3.279999999999974,41.1898095440079,16.61681548250249,30.384052429762693
3.289999999999974,41.2811320138437,16.654103754326176,30.255490002100135
3.2999999999999736,41.372423952474826,16.691382485148402,30.126001608507522
3.3099999999999734,41.46368521180205,16.72865162868816,29.99558793809841
3.319999999999973,41.55491564373676,16.765911138667757,29.864249684225353
3.329999999999973,41.64611510020853,16.803160968815185,29.731987544469195
3.3399999999999728,41.73728343317253,16.840401072866435,29.59880222062819
3.3499999999999726,41.82842049461688,16.877631404567794,29.46469441870695
3.3599999999999723,41.91952613656984,16.914851917678092,29.329664848905253
3.369999999999972,42.01060021110692,16.95206256597093,29.193714225606666
3.379999999999972,42.101642570357825,16.98926330323684,29.056843267367046
3.3899999999999717,42.19265306651336,17.026454083285444,28.919052696902874
3.3999999999999715,42.28363155183214,17.063634859947562,28.780343241079432
3.4099999999999713,42.37457787864727,17.100805587077293,28.64071563089887
3.419999999999971,42.4654918993729,17.137966218554052,28.500170601488097
3.429999999999971,42.556373466510614,17.175116708284587,28.35870889208655
3.4399999999999706,42.64722243265582,17.212257010204965,28.21633124603383
3.4499999999999704,42.73803865050398,17.249387078282513,28.07303841075719
3.45999999999997,42.82882197285673,17.286506866517747,27.928831137758916
3.46999999999997,42.919572252627944,17.32361632894625,27.78371018260356
3.47999999999997,43.0102893428497,17.36071541964055,27.637676304905057
3.4899999999999696,43.10097309667813,17.397804092711933,27.490730268313715
3.4999999999999694,43.191623367399195,17.434882302312264,27.34287284050309
3.509999999999969,43.282240008434364,17.471950002635754,27.194104793156733
3.519999999999969,43.37282287334624,17.509007147920713,27.044426901954832
3.5299999999999687,43.46337181584402,17.54605369245127,26.89383994656074
3.5399999999999685,43.553886689788996,17.583089590559076,26.74234471060737
3.5499999999999683,43.64436734919985,17.620114796624968,26.58994198168352
3.559999999999968,43.734813648257926,17.657129265080616,26.43663255132005
3.569999999999968,43.82522544131246,17.694132950410157,26.282417214975975
3.5799999999999677,43.91560258288565,17.731125807151777,26.12729677202446
3.5899999999999674,44.005944927677696,17.768107789899293,25.97127202573869
3.5999999999999672,44.096252330571794,17.805078853303698,25.814343783277653
3.609999999999967,44.186524646638986,17.842038952074695,25.65651285567185
3.619999999999967,44.276761731143004,17.8789880409822,25.497780057808853
3.6299999999999666,44.366963439545,17.915926074857826,25.338146208418827
3.6399999999999664,44.45712962750822,17.952853008596332,25.17761213005991
3.649999999999966,44.54726015090263,17.989768797157083,25.016178649103544
3.659999999999966,44.63735486580943,18.026673395565457,24.85384659571969
3.6699999999999657,44.72741362852555,18.063566758914245,24.690616803861964
3.6799999999999655,44.81743629556805,18.10044884236503,24.52649011125268
3.6899999999999653,44.90742272367848,18.13731960114954,24.36146735936783
3.699999999999965,44.99737276982714,18.174178990570994,24.195549393421945
3.709999999999965,45.08728629121731,18.211026966005424,24.028737062352917
3.7199999999999647,45.177163145289434,18.247863482902964,23.861031218806705
3.7299999999999645,45.267003189725195,18.28468849678914,23.692432719121985
3.7399999999999642,45.35680628245156,18.32150196326613,23.52294242331471
3.749999999999964,45.44657228164478,18.35830383801401,23.352561195062602
3.759999999999964,45.53630104573431,18.395094076791988,23.18128990168957
3.7699999999999636,45.625992433406694,18.431872635439607,23.009129414150056
3.7799999999999634,45.71564630360936,18.46863946987794,22.836080607013294
3.789999999999963,45.8052625155544,18.505394536110764,22.66214435844752
3.799999999999963,45.894840928722296,18.54213779022573,22.487321550204115
3.8099999999999627,45.984381402865544,18.578869188395494,22.311613067601648
3.8199999999999625,46.07388379801229,18.61558868687885,22.135019799509898
3.8299999999999623,46.16334797446987,18.652296242021844,21.957542638333774
3.839999999999962,46.252773792828336,18.688991810258866,21.77918247999719
3.849999999999962,46.3421611139639,18.72567534811373,21.599940223926872
3.8599999999999617,46.43150979904233,18.76234681220074,21.419816773036118
3.8699999999999615,46.52081970952235,18.799006159225744,21.23881303370846
3.8799999999999613,46.61009070715892,18.835653345987172,21.056929915781318
3.889999999999961,46.699322654006515,18.872288329377046,20.874168332529553
3.899999999999961,46.788515412422356,18.908911066381997,20.690529200648992
3.9099999999999606,46.87766884506958,18.945521514084255,20.50601344023988
3.9199999999999604,46.96678281492037,18.982119629662627,20.320621974790285
3.92999999999996,47.055857185259065,19.01870537039347,20.134355731159456
3.93999999999996,47.14489181968517,19.055278693651626,19.94721563956112
3.9499999999999598,47.2338865821164,19.091839556911385,19.759202633546714
3.9599999999999596,47.32284133679161,19.12838791774739,19.570317649988613
3.9699999999999593,47.41175594827375,19.164923733835558,19.38056162906325
3.979999999999959,47.50063028145271,19.20144696295398,19.189935514234243
3.989999999999959,47.589464201548175,19.237957562983816,18.998440252235422
3.9999999999999587,47.67825757411245,19.27445549191015,18.80607679305386
4.009999999999959,47.76701026503318,19.310940707822876,18.612846089912832
4.019999999999959,47.855722140536095,19.347413168917537,18.418749099254722
4.0299999999999585,47.9443930671877,19.383872833496163,18.22378678072392
4.039999999999958,48.0330229118979,19.4203196599681,18.027960097149638
4.049999999999958,48.121611541922654,19.456753606850835,17.831270014528723
4.059999999999958,48.21015882486649,19.493174632770785,17.633717502008395
4.069999999999958,48.29866462868509,19.529582696464097,17.435303531868968
4.079999999999957,48.38712882168777,19.565977756777436,17.236029079506533
4.089999999999957,48.47555127253995,19.602359772668745,17.03589512341559
4.099999999999957,48.563931850265604,19.63872870320801,16.834902645171653
4.109999999999957,48.652270424249615,19.675084507578013,16.633052629413825
4.119999999999957,48.74056686424018,19.711427145075067,16.430346063827326
4.129999999999956,48.82882104035113,19.747756575109737,16.226783939125994
4.139999999999956,48.91703282306421,19.784072757207575,16.02236724903475
4.149999999999956,49.00520208323136,19.820375651009808,15.817096990272047
4.159999999999956,49.093328692076945,19.856665216274052,15.610974162532257
4.1699999999999555,49.181412521199945,19.89294141287499,15.40399976846806
4.179999999999955,49.269453442576136,19.92920420080505,15.196174813672783
4.189999999999955,49.357451328560224,19.965453540175076,14.987500306662723
4.199999999999955,49.44540605188794,20.00168939121499,14.77797725885943
4.209999999999955,49.53331748567813,20.037911714274422,14.567606684571977
4.2199999999999545,49.621185503434795,20.07412046982338,14.356389600979195
4.229999999999954,49.7090099790491,20.11031561845285,14.144327028111887
4.239999999999954,49.79679078680137,20.146497120875434,13.931419988835012
4.249999999999954,49.884527801363035,20.182664937925956,13.717669508829857
4.259999999999954,49.97222089779858,20.218819030562063,13.503076616576175
4.269999999999953,50.05986995156742,20.254959359864824,13.287642343334307
4.279999999999953,50.14747483852578,20.291085887039312,13.071367723127281
4.289999999999953,50.23503543492855,20.327198573415178,12.854253792722893
4.299999999999953,50.32255161743107,20.363297380447214,12.636301591615766
4.3099999999999525,50.41002326309095,20.399382269715925,12.417512162009391
4.319999999999952,50.49745024936981,20.43545320292807,12.197886548798156
4.329999999999952,50.58483245413504,20.471510141917204,11.977425799549342
4.339999999999952,50.67216975566147,20.507553048644212,11.756130964485125
4.349999999999952,50.75946203263308,20.54358188519784,11.53400309646454
4.3599999999999515,50.84670916414464,20.5795966137952,11.311043250965449
4.369999999999951,50.93391102970335,20.615597196782296,11.08725248606648
4.379999999999951,51.02106750923044,20.651583596634513,10.862631862428966
4.389999999999951,51.108178483062744,20.687555775957108,10.637182443278855
4.399999999999951,51.19524383195425,20.723513697485703,10.410905294388629
4.40999999999995,51.28226343707765,20.759457324086767,10.18380148405919
4.41999999999995,51.36923718002583,20.795386618758073,9.955872083101754
4.42999999999995,51.45616494281333,20.831301544629167,9.727118164819721
4.43999999999995,51.54304660787784,20.867202064961827,9.497540804990546
4.4499999999999496,51.629882058081606,20.9030881431505,9.267141081847592
4.459999999999949,51.716671176712836,20.938959742722762,9.035920076061991
4.469999999999949,51.80341384748711,20.974816827339723,8.803878870724477
4.479999999999949,51.890109954548706,21.01065936079647,8.57101855132723
4.489999999999949,51.97675938247197,21.04648730702249,8.337340205745706
4.4999999999999485,52.06336201626261,21.082300630082063,8.102844924220465
4.509999999999948,52.149917741359005,21.118099294174687,7.867533799338991
4.519999999999948,52.23642644363347,21.153883263635457,7.631407926017516
4.529999999999948,52.322888009393495,21.189652502935466,7.394468401482832
4.539999999999948,52.40930232538299,21.225406976682184,7.156716325254105
4.549999999999947,52.49566927878348,21.261146649619835,6.918152799124691
4.559999999999947,52.581988757215285,21.296871486629776,6.678778927143944
4.569999999999947,52.66826064873869,21.33258145273084,6.438595815599029
4.579999999999947,52.754484841855074,21.36827651307971,6.197604572996729
4.589999999999947,52.84066122550805,21.403956632971266,5.955806310045265
4.599999999999946,52.92678968908454,21.43962177783892,5.713202139636102
4.609999999999946,53.01287012241588,21.47527191325496,5.46979317682577
4.619999999999946,53.098902415778845,21.510907004930885,5.225580538817683
4.629999999999946,53.184886459896695,21.546527018717715,4.980565344943957
4.6399999999999455,53.27082214594023,21.58213192060632,4.734748716647243
4.649999999999945,53.35670936552873,21.617721676727726,4.48813177746255
4.659999999999945,53.44254801073097,21.653296253353425,4.240715652999093
4.669999999999945,53.528337974066154,21.688855616895673,3.992501470922122
4.679999999999945,53.61407914850489,21.724399733907777,3.7434903609347825
4.689999999999944,53.69977142747006,21.759928571084394,3.4936834547599647
4.699999999999944,53.785414704837756,21.795442095261798,3.24308188612217
4.709999999999944,53.871008874938134,21.830940273418165,2.9916867907293834
4.719999999999944,53.956553832556295,21.86642307267384,2.739499306254953
4.729999999999944,54.042049472933115,21.901890460291597,2.486520572319482
4.739999999999943,54.12749569176608,21.937342403676897,2.2327517304727285
4.749999999999943,54.21289238521008,21.97277887037815,1.9781939241755169
4.759999999999943,54.29823944987821,22.00819982808694,1.7228482987816602
4.769999999999943,54.38353678284252,22.043605244638286,1.4667160015198948
4.7799999999999425,54.46878428163477,22.078995088010863,1.2097981814758259
4.789999999999942,54.553981844247176,22.114369326327243,0.9520959895738879
4.799999999999942,54.63912936913312,22.1497279278541,0.693610578559317
4.809999999999942,54.72422675520784,22.18507086100245,0.43434310298013773
4.819999999999942,54.8092739018491,22.220398094327848,0.17429471916916484
